locality,title,area,rent,price_per_sqft,facing,BHK,bathrooms,parking
BTM Layout,"1 BHK Apartment  For Sale  In Sandy Villa, Btm Layout In Btm Layout",565 sqft,"20,060/Month","₹6,195 per sq.ft.",North-West,1 BHK,1,Bike
BTM Layout,3 BHK Apartment  For Sale  In Sobha Magnolia In Btm Layout,"1,837 sqft","97,434/Month","₹9,254 per sq.ft.",East,3 BHK,3,Bike and Car
BTM Layout,2 BHK Flat  For Sale  In Nandi Jewels In Btm 2nd Stage,"1,280 sqft","54,448/Month","₹7,422 per sq.ft.",East,2 BHK,2,Car
BTM Layout,3 BHK Apartment  For Sale  In Brigade Lakeview Apartment In Btm Layout,"2,220 sqft",1.17 Lacs/Month,"₹9,234 per sq.ft.",North,3 BHK,3,Bike and Car
BTM Layout,2 BHK Apartment  For Sale  In Niranjan Central Apartments In Btm Layout 1,"1,113 sqft","34,388/Month","₹5,391 per sq.ft.",East,2 BHK,2,Bike and Car
BTM Layout,2 BHK Apartment  For Sale  In Pyramid Classic In Btm Layout,"1,332 sqft","36,394/Month","₹4,767 per sq.ft.",West,2 BHK,2,Bike and Car
BTM Layout,3 BHK Apartment  For Sale  In Mantri Elegance Apartments In Btm 2nd Stage,"1,815 sqft",1.12 Lacs/Month,"₹10,744 per sq.ft.",North-East,3 BHK,2,Car
BTM Layout,2 BHK Apartment  For Sale  In Niranjan Central Apartments In Btm Layout 1,"1,400 sqft","41,266/Month","₹5,143 per sq.ft.",South-East,2 BHK,2,Bike and Car
BTM Layout,4 BHK Apartment  For Sale  In Sweet Dreams Apartment In Btm Layout 1,"3,006 sqft",1.29 Lacs/Month,"₹7,485 per sq.ft.",East,4 BHK,5,Bike and Car
BTM Layout,"3 BHK Flat  For Sale  In Total Environment Green Is The Colour, Bangalore In Btm 2nd Stage","1,600 sqft","92,849/Month","₹10,125 per sq.ft.",South,3 BHK,2,Bike and Car
BTM Layout,2 BHK Apartment  For Sale  In Manar Sorrento In Btm Layout 1,"1,200 sqft","42,985/Month","₹6,250 per sq.ft.",West,2 BHK,2,Bike and Car
BTM Layout,2 BHK Flat  For Sale  In Rajeshwari Residency In Btm Layout,"1,000 sqft","34,388/Month","₹6,000 per sq.ft.",West,2 BHK,2,Bike and Car
BTM Layout,2 BHK Flat  For Sale  In Rajeshwari Residency In Btm Layout,"1,200 sqft","40,120/Month","₹5,833 per sq.ft.",North,2 BHK,2,Bike and Car
BTM Layout,4+ BHK Flat  For Sale  In Mohan Nilaya In Btm I Stage,"4,650 sqft",2.29 Lacs/Month,"₹8,602 per sq.ft.",East,4+ BHK,13,Bike
BTM Layout,3 BHK Flat  For Sale  In Silverline Nymphae Apartment In Btm Layout,"1,060 sqft","31,522/Month","₹5,189 per sq.ft.",North,3 BHK,2,Bike and Car
BTM Layout,3 BHK Apartment  For Sale  In Majestic Residency In Btm Layout,"1,325 sqft","71,643/Month","₹9,434 per sq.ft.",East,3 BHK,2,Bike and Car
BTM Layout,2 BHK Flat  For Sale  In Vinayaka Sai Residency In Btm 1st Stage,"1,025 sqft","32,096/Month","₹5,463 per sq.ft.",North,2 BHK,2,Bike and Car
BTM Layout,3 BHK Flat  For Sale  In Sharada Residency In Btm Layout 2nd Stage,"2,200 sqft","71,643/Month","₹5,682 per sq.ft.",East,3 BHK,3,Bike and Car
BTM Layout,"2 BHK Flat  For Sale  In Manya Arena, Bannerghatta Road In Bannerghatta Road",920 sqft,"22,925/Month","₹4,348 per sq.ft.",North,2 BHK,2,Bike and Car
BTM Layout,2 BHK Apartment  For Sale  In Jana Jeeva Regency In Btm 2nd Stage,"1,030 sqft","27,510/Month","₹4,660 per sq.ft.",North,2 BHK,2,Bike and Car
BTM Layout,"2 BHK Flat  For Sale  In Mytri Palace, Btm 2nd Stage In Btm 2nd Stage","1,020 sqft","33,242/Month","₹5,686 per sq.ft.",West,2 BHK,2,Car
BTM Layout,3 BHK Flat  For Sale  In Laa Emerald In Btm 2nd Stage,"1,650 sqft","42,985/Month","₹4,545 per sq.ft.",East,3 BHK,2,Car
BTM Layout,2 BHK Flat  For Sale  In Heritage Heaven  In 49 18th Main Road,"1,100 sqft","51,583/Month","₹8,182 per sq.ft.",West,2 BHK,2,Bike and Car
BTM Layout,3 BHK Flat  For Sale  In Mbvs Castle Apartment In Btm 2nd Stage,"1,185 sqft","40,120/Month","₹5,907 per sq.ft.",North,3 BHK,2,Bike and Car
BTM Layout,3 BHK Apartment  For Sale  In Brigade Lakeview Apartment In Btm Layout,"2,220 sqft",1.17 Lacs/Month,"₹9,234 per sq.ft.",North,3 BHK,3,Bike and Car
Attibele,1 BHK Apartment  For Sale  In Shriram Smrithi In Attibele,765 sqft,"18,340/Month","₹4,183 per sq.ft.",East,1 BHK,1,Bike and Car
Attibele,2 BHK Flat  For Sale  In Jaanabhar Subha 2 In Janaadhar Shubha Phase 2,656 sqft,"13,182/Month","₹3,506 per sq.ft.",North-East,2 BHK,2,Bike and Car
Attibele,2 BHK Apartment  For Sale  In Aryan Fountain Square Apartment Complex In Attibele,837 sqft,"18,913/Month","₹3,943 per sq.ft.",East,2 BHK,2,Car
Attibele,3 BHK Apartment  For Sale  In Sigma Serenity In Attibele Bus Stand,"1,347 sqft","21,091/Month","₹2,732 per sq.ft.",North,3 BHK,2,Bike and Car
Attibele,2 BHK Flat  For Sale  In Indya The Greens In Attibele,691 sqft,"20,060/Month","₹5,065 per sq.ft.",East,2 BHK,1,Bike and Car
Attibele,2 BHK Flat  For Sale  In Indya The Greens In Attibele,750 sqft,"15,474/Month","₹3,600 per sq.ft.",East,2 BHK,2,Bike and Car
Attibele,2 BHK Apartment  For Sale  In Sigma Serenity In Attibele,"1,069 sqft","21,206/Month","₹3,461 per sq.ft.",North,2 BHK,2,Bike and Car
Attibele,2 BHK Flat  For Sale  In Sigma Serenity In Attibele,"1,007 sqft","25,791/Month","₹4,469 per sq.ft.",East,2 BHK,2,Bike and Car
Attibele,2 BHK Apartment  For Sale  In Sigma Serenity In Attibele,"1,258 sqft","25,791/Month","₹3,577 per sq.ft.",East,2 BHK,2,Bike and Car
Attibele,2 BHK Apartment  For Sale  In Sigma Serenity In Attibele,"1,169 sqft","25,791/Month","₹3,849 per sq.ft.",West,2 BHK,2,Bike and Car
Attibele,2 BHK Apartment  For Sale  In Sigma Serenity In Attibele,"1,350 sqft","26,937/Month","₹3,481 per sq.ft.",North-East,2 BHK,2,Car
Attibele,2 BHK Flat  For Sale  In Sigma Serenity In Attibele,"1,175 sqft","25,218/Month","₹3,745 per sq.ft.",East,2 BHK,2,Bike and Car
Attibele,4 BHK Flat  For Sale  In Athibele,"2,900 sqft","54,448/Month","₹3,276 per sq.ft.",North,4 BHK,4,Car
Attibele,2 BHK Apartment  For Sale  In Sigma Serenity In Attibele,"1,060 sqft","20,633/Month","₹3,396 per sq.ft.",South,2 BHK,2,Bike and Car
Attibele,2 BHK Flat  For Sale  In  Sigma Serenity In Attibele,"1,007 sqft","31,522/Month","₹5,462 per sq.ft.",East,2 BHK,2,Bike and Car
Attibele,3 BHK Flat  For Sale  In Opulence Apartment In Attibele,"1,210 sqft","21,779/Month","₹3,140 per sq.ft.",North-East,3 BHK,3,Bike and Car
Attibele,2 BHK Flat  For Sale  In Opulence Apartment In Attibele,880 sqft,"16,048/Month","₹3,182 per sq.ft.",North-East,2 BHK,2,Bike and Car
Attibele,2 BHK Apartment  For Sale  In Indya The Greens Phase Iii In Attibele,810 sqft,"18,340/Month","₹3,951 per sq.ft.",East,2 BHK,2,Bike and Car
Attibele,2 BHK Apartment  For Sale  In Indya The Greens Phase Iii In Attibele,800 sqft,"14,328/Month","₹3,125 per sq.ft.",North,2 BHK,2,Bike and Car
Attibele,2 BHK Apartment  For Sale  In Indya The Greens Phase Iii In Attibele,750 sqft,"12,609/Month","₹2,933 per sq.ft.",North,2 BHK,1,Bike and Car
Attibele,2 BHK Apartment  For Sale  In Indya The Greens Phase Iii In Attibele,"2,000 sqft","13,468/Month","₹1,175 per sq.ft.",East,2 BHK,1,Bike and Car
Attibele,2 BHK Apartment  For Sale  In Indya The Greens Phase Iii In Attibele,615 sqft,"17,194/Month","₹4,878 per sq.ft.",East,2 BHK,1,Bike and Car
Attibele,2 BHK Apartment  For Sale  In Indya The Greens Phase Iii In Attibele,630 sqft,"18,340/Month","₹5,079 per sq.ft.",East,2 BHK,2,Car
Attibele,3 BHK Apartment  For Sale  In Indya The Greens Phase Iii In Attibele,"1,200 sqft","28,657/Month","₹4,167 per sq.ft.",North,3 BHK,3,Bike and Car
Attibele,2 BHK Apartment  For Sale  In Indya The Greens Phase Iii In Attibele,750 sqft,"20,060/Month","₹4,667 per sq.ft.",North-East,2 BHK,2,Bike and Car
K R Puram ,"2 BHK Flat  For Sale  In Garuda Park Square, Krishnarajapura In K R Puram Bus Stop","1,164 sqft","37,254/Month","₹5,584 per sq.ft.",West,2 BHK,2,Bike and Car
K R Puram ,"2 BHK Flat  For Sale  In Garuda Park Square, Krishnarajapura In K R Puram Bus Stop","1,138 sqft","35,534/Month","₹5,448 per sq.ft.",West,2 BHK,2,Bike and Car
K R Puram ,"2 BHK Flat  For Sale  In Garuda Park Square, Krishnarajapura In K R Puram Bus Stop","1,139 sqft","36,108/Month","₹5,531 per sq.ft.",West,2 BHK,2,Bike and Car
K R Puram ,"2 BHK Flat  For Sale  In Garuda Park Square, Krishnarajapura In K R Puram Bus Stop","1,139 sqft","36,108/Month","₹5,531 per sq.ft.",West,2 BHK,2,Bike and Car
K R Puram ,"2 BHK Flat  For Sale  In Garuda Park Square, Krishnarajapura In K R Puram Bus Stop","1,139 sqft","36,108/Month","₹5,531 per sq.ft.",West,2 BHK,2,Bike and Car
K R Puram ,"2 BHK Flat  For Sale  In Garuda Park Square, Krishnarajapura In K R Puram Bus Stop","1,133 sqft","36,108/Month","₹5,560 per sq.ft.",West,2 BHK,2,Bike and Car
K R Puram ,"2 BHK Flat  For Sale  In Garuda Park Square, Krishnarajapura In K R Puram Bus Stop","1,228 sqft","36,108/Month","₹5,130 per sq.ft.",East,2 BHK,2,Bike and Car
K R Puram ,"2 BHK Flat  For Sale  In Garuda Park Square, Krishnarajapura In K R Puram Bus Stop","1,064 sqft","33,886/Month","₹5,557 per sq.ft.",West,2 BHK,2,Bike and Car
K R Puram ,"2 BHK Flat  For Sale  In Garuda Park Square, Krishnarajapura In K R Puram Bus Stop","1,138 sqft","35,534/Month","₹5,448 per sq.ft.",West,2 BHK,2,Bike and Car
K R Puram ,"3 BHK Flat  For Sale  In Garuda Park Square, Krishnarajapura In K R Puram Bus Stop","1,295 sqft","44,203/Month","₹5,956 per sq.ft.",East,3 BHK,2,Bike and Car
K R Puram ,"3 BHK Flat  For Sale  In Garuda Park Square, Krishnarajapura In K R Puram Bus Stop","1,425 sqft","47,651/Month","₹5,834 per sq.ft.",East,3 BHK,2,Bike and Car
K R Puram ,"3 BHK Flat  For Sale  In Garuda Park Square, Krishnarajapura In K R Puram Bus Stop","1,339 sqft","41,839/Month","₹5,452 per sq.ft.",East,3 BHK,2,Bike and Car
K R Puram ,"2 BHK Flat  For Sale  In Garuda Park Square, Krishnarajapura In K R Puram Bus Stop","1,075 sqft","35,735/Month","₹5,800 per sq.ft.",West,2 BHK,2,Bike and Car
K R Puram ,"3 BHK Flat  For Sale  In Garuda Park Square, Krishnarajapura In K R Puram Bus Stop","1,339 sqft","40,120/Month","₹5,228 per sq.ft.",East,3 BHK,2,Bike and Car
K R Puram ,"2 BHK Flat  For Sale  In Garuda Park Square, Krishnarajapura In K R Puram Bus Stop","1,113 sqft","37,445/Month","₹5,870 per sq.ft.",West,2 BHK,2,Bike and Car
K R Puram ,"2 BHK Flat  For Sale  In Garuda Park Square, Krishnarajapura In K R Puram Bus Stop","1,139 sqft","37,254/Month","₹5,707 per sq.ft.",West,2 BHK,2,Bike and Car
K R Puram ,"2 BHK Flat  For Sale  In Garuda Park Square, Krishnarajapura In K R Puram Bus Stop","1,139 sqft","37,254/Month","₹5,707 per sq.ft.",West,2 BHK,2,Bike and Car
K R Puram ,"3 BHK Flat  For Sale  In Garuda Park Square, Krishnarajapura In K R Puram Bus Stop","1,295 sqft","43,623/Month","₹5,877 per sq.ft.",East,3 BHK,2,Bike and Car
K R Puram ,"2 BHK Flat  For Sale  In Garuda Park Square, Krishnarajapura In K R Puram Bus Stop","1,151 sqft","35,534/Month","₹5,387 per sq.ft.",West,2 BHK,2,Bike and Car
K R Puram ,"2 BHK Flat  For Sale  In Garuda Park Square, Krishnarajapura In K R Puram Bus Stop","1,139 sqft","35,534/Month","₹5,443 per sq.ft.",West,2 BHK,2,Bike and Car
K R Puram ,"2 BHK Flat  For Sale  In Garuda Park Square, Krishnarajapura In K R Puram Bus Stop","1,075 sqft","34,512/Month","₹5,601 per sq.ft.",West,2 BHK,2,Bike and Car
K R Puram ,"2 BHK Flat  For Sale  In Garuda Park Square, Krishnarajapura In K R Puram Bus Stop","1,113 sqft","36,229/Month","₹5,679 per sq.ft.",West,2 BHK,2,Bike and Car
K R Puram ,"2 BHK Flat  For Sale  In Garuda Park Square, Krishnarajapura In K R Puram Bus Stop","1,143 sqft","38,471/Month","₹5,873 per sq.ft.",North,2 BHK,2,Bike and Car
K R Puram ,"2 BHK Flat  For Sale  In Garuda Park Square, Krishnarajapura In K R Puram Bus Stop","1,064 sqft","35,534/Month","₹5,827 per sq.ft.",West,2 BHK,2,Bike and Car
K R Puram ,"2 BHK Flat  For Sale  In Garuda Park Square, Krishnarajapura In K R Puram Bus Stop","1,143 sqft","38,523/Month","₹5,881 per sq.ft.",North,2 BHK,2,Bike and Car
Marathahalli,4+ BHK Flat  For Sale  In Standalone Building  In Marathahalli ,"7,200 sqft",1.26 Lacs/Month,"₹3,056 per sq.ft.",Don't Know,4+ BHK,26,Bike
Marathahalli,4+ BHK Flat  For Sale  In Marathahalli,"4,200 sqft","74,508/Month","₹3,095 per sq.ft.",North,4+ BHK,16,None
Marathahalli,3 BHK Flat  For Sale  In Rich Fields In Marathahalli,"1,550 sqft","46,997/Month","₹5,290 per sq.ft.",West,3 BHK,3,Bike and Car
Marathahalli,2 BHK Flat  For Sale  In Pathrika Paradise In Marathahalli,"1,120 sqft","37,254/Month","₹5,804 per sq.ft.",West,2 BHK,2,Bike and Car
Marathahalli,3 BHK Apartment  For Sale  In Vanshee Richfield Apts In Marathahalli,"1,560 sqft","50,150/Month","₹5,609 per sq.ft.",East,3 BHK,3,Bike and Car
Marathahalli,3 BHK Apartment  For Sale  In Vanshee Richfield Apts In Marathahalli,"1,560 sqft","54,448/Month","₹6,090 per sq.ft.",East,3 BHK,3,Bike and Car
Marathahalli,2 BHK Apartment  For Sale  In Sri Sai Sannidhi In Marathahalli,"1,110 sqft","42,412/Month","₹6,667 per sq.ft.",East,2 BHK,2,Bike and Car
Marathahalli,2 BHK Apartment  For Sale  In Parimala Elan In Marathahalli,"1,050 sqft","31,522/Month","₹5,238 per sq.ft.",East,2 BHK,2,Car
Marathahalli,3 BHK Apartment  For Sale  In Vanshi  Rich Field Apartment In Marathahalli,"1,500 sqft","42,985/Month","₹5,000 per sq.ft.",West,3 BHK,3,Bike and Car
Marathahalli,2 BHK Flat  For Sale  In Sai Kuteer In Marathahalli,950 sqft,"25,791/Month","₹4,737 per sq.ft.",East,2 BHK,2,Bike and Car
Marathahalli,3 BHK Apartment  For Sale  In Sr Sree Utopia In Marathahalli,"1,600 sqft","51,583/Month","₹5,625 per sq.ft.",West,3 BHK,3,Bike and Car
Marathahalli,2 BHK Apartment  For Sale  In Sr Sree Utopia In Marathahalli,"1,302 sqft","48,717/Month","₹6,528 per sq.ft.",East,2 BHK,2,Bike and Car
Marathahalli,3 BHK Apartment  For Sale  In Vanshee Richfield Apts In Marathahalli,"1,450 sqft","48,717/Month","₹5,862 per sq.ft.",West,3 BHK,3,Bike and Car
Marathahalli,2 BHK Apartment  For Sale  In Bharat Regency In Marathahalli,"1,170 sqft","39,833/Month","₹5,940 per sq.ft.",North,2 BHK,2,Bike and Car
Marathahalli,2 BHK Flat  For Sale  In Krishna Dham In Marathahalli,"1,000 sqft","28,657/Month","₹5,000 per sq.ft.",East,2 BHK,2,Bike
Marathahalli,2 BHK Apartment  For Sale  In Krishna Dham Apartments In Marathahalli,"1,000 sqft","37,254/Month","₹6,500 per sq.ft.",North,2 BHK,2,Bike and Car
Marathahalli,3 BHK Apartment  For Sale  In Greens Apartments In Marathahalli,"1,650 sqft","45,851/Month","₹4,848 per sq.ft.",East,3 BHK,3,Bike and Car
Marathahalli,3 BHK Flat  For Sale  In Sadhguru Fortuna In Marathahalli,"1,640 sqft","48,717/Month","₹5,183 per sq.ft.",North,3 BHK,2,Bike and Car
Marathahalli,2 BHK Flat  For Sale  In G  S Mansion In Hemanth Nagar,"1,168 sqft","31,522/Month","₹4,709 per sq.ft.",South,2 BHK,2,Car
Marathahalli,4 BHK Flat  For Sale  In Standalone Building  In Marathahalli,"2,400 sqft","68,777/Month","₹5,000 per sq.ft.",Don't Know,4 BHK,4,Bike
Marathahalli,2 BHK Flat  For Sale  In G.s Mansion In Marathahalli,"1,145 sqft","31,522/Month","₹4,803 per sq.ft.",East,2 BHK,2,Bike and Car
Marathahalli,2 BHK Apartment  For Sale  In Vanshee Citadel In Marathahalli,"1,204 sqft","42,412/Month","₹6,146 per sq.ft.",East,2 BHK,2,Bike and Car
Marathahalli,2 BHK Apartment  For Sale  In Vanshee Citadel In Marathahalli,"1,204 sqft","37,953/Month","₹5,500 per sq.ft.",West,2 BHK,2,Bike and Car
Marathahalli,2 BHK Flat  For Sale  In Pradham Regency In Marathahalli,"1,300 sqft","28,657/Month","₹3,846 per sq.ft.",North,2 BHK,2,Bike
Marathahalli,2 BHK Flat  For Sale  In Sai Pradham Residency In Marathahalli,"1,034 sqft","24,072/Month","₹4,062 per sq.ft.",West,2 BHK,2,Car
Indiranagar,"3 BHK Flat  For Sale  In Hal 2nd Stage,indiranagar  ","2,200 sqft",2.35 Lacs/Month,"₹18,636 per sq.ft.",North,3 BHK,3,Bike and Car
Indiranagar,4 BHK Flat  For Sale  In Golfridge In Indira Nagar,"2,750 sqft",1.63 Lacs/Month,"₹10,364 per sq.ft.",North,4 BHK,3,Bike and Car
Indiranagar,2 BHK Apartment  For Sale  In Team Heritage Apartments In Indiranagar,"1,100 sqft","51,583/Month","₹8,182 per sq.ft.",North,2 BHK,2,Bike and Car
Indiranagar,3 BHK Flat  For Sale  In Livintique Residence In Indiranagar,"2,450 sqft",2.01 Lacs/Month,"₹14,286 per sq.ft.",Don't Know,3 BHK,3,Bike and Car
Indiranagar,3 BHK Apartment  For Sale  In Ashiana Gardens Apartments In Indiranagar,"1,780 sqft","84,825/Month","₹8,315 per sq.ft.",North-West,3 BHK,3,Bike and Car
Indiranagar,"3 BHK Flat  For Sale  In Beverly Apartments In Hal 2nd Stage, Indiranagar","1,780 sqft","91,703/Month","₹8,989 per sq.ft.",South,3 BHK,3,Bike and Car
Indiranagar,3 BHK Flat  For Sale  In Vaishali Residency In Indiranagar,"1,300 sqft","65,911/Month","₹8,846 per sq.ft.",East,3 BHK,2,Bike and Car
Indiranagar,2 BHK Flat  For Sale  In Bharath Nivas In Kodihalli,"1,400 sqft","40,120/Month","₹5,000 per sq.ft.",North,2 BHK,2,Bike and Car
Indiranagar,2 BHK Flat  For Sale  In Maple Apartments In Indiranagar,925 sqft,"37,254/Month","₹7,027 per sq.ft.",North,2 BHK,2,Car
Indiranagar,3 BHK Apartment  For Sale  In Kristal Moonstone In Indiranagar,"1,475 sqft",1.2 Lacs/Month,"₹14,237 per sq.ft.",East,3 BHK,2,Bike and Car
Indiranagar,2 BHK Apartment  For Sale  In Ashiana Gardens Apartments In Indiranagar,"1,200 sqft","57,314/Month","₹8,333 per sq.ft.",North-West,2 BHK,2,Bike and Car
Indiranagar,3 BHK Flat  For Sale  In Apartment In Halasuru,"1,650 sqft","85,971/Month","₹9,091 per sq.ft.",Don't Know,3 BHK,3,Bike and Car
Indiranagar,"4 BHK Flat  For Sale  In Standalone Building  In Indiranagar, ","1,800 sqft","25,791/Month","₹2,500 per sq.ft.",East,4 BHK,3,Bike and Car
Indiranagar,3 BHK Apartment  For Sale  In Monarch Manor In Indira Nagar,"1,445 sqft","54,448/Month","₹6,574 per sq.ft.",South-East,3 BHK,2,Bike and Car
Indiranagar,3 BHK Apartment  For Sale  In Sterling Sharada Nivas Apartments In Indira Nagar,"1,900 sqft",1.03 Lacs/Month,"₹9,474 per sq.ft.",East,3 BHK,2,Bike and Car
Indiranagar,2 BHK Flat  For Sale  In Swathi Apartments In Indiranagar,"1,230 sqft","71,643/Month","₹10,163 per sq.ft.",West,2 BHK,2,None
Indiranagar,2 BHK Flat  For Sale  In Admiralty Manor In Indiranagar,"1,165 sqft","71,643/Month","₹10,730 per sq.ft.",Don't Know,2 BHK,2,Bike and Car
Indiranagar,"2 BHK Flat  For Sale  In Raghava Residency, Indiranagar In Indiranagar","1,437 sqft","81,386/Month","₹9,882 per sq.ft.",North,2 BHK,2,Car
Indiranagar,2 BHK Flat  For Sale  In Sai Teja Solace In Kodihalli,"1,100 sqft","48,717/Month","₹7,727 per sq.ft.",North,2 BHK,2,Bike and Car
Indiranagar,3 BHK Apartment  For Sale  In Nishant Enclave In Indiranagar,"2,258 sqft",1.15 Lacs/Month,"₹8,902 per sq.ft.",East,3 BHK,4,Bike and Car
Indiranagar,3 BHK Flat  For Sale  In Benaka Apartments In Kodihalli,"1,331 sqft","48,717/Month","₹6,386 per sq.ft.",East,3 BHK,2,Bike and Car
Indiranagar,4+ BHK Flat  For Sale  In House In Indiranagar,"2,700 sqft",1.26 Lacs/Month,"₹8,148 per sq.ft.",South,4+ BHK,6,Bike and Car
Indiranagar,2 BHK Apartment  For Sale  In Team Green Wood Apartment In Indiranagar,"1,070 sqft","71,643/Month","₹11,682 per sq.ft.",South,2 BHK,2,Car
Indiranagar,2 BHK Flat  For Sale  In Sudarshan Ruby In Indiranagar,"1,250 sqft","65,911/Month","₹9,200 per sq.ft.",South,2 BHK,2,Bike and Car
Indiranagar,3 BHK Flat  For Sale  In Monarch Manor In Indira Nagar,"1,243 sqft","56,741/Month","₹7,965 per sq.ft.",South,3 BHK,2,Bike and Car
Electronic City,2 BHK Apartment  For Sale  In Costa Coral Reef In Beratena Agrahara,"1,200 sqft","29,803/Month","₹4,333 per sq.ft.",West,2 BHK,2,Car
Electronic City,2 BHK Flat  For Sale  In Nisarga Gateway In Bommasandra,900 sqft,"22,925/Month","₹4,444 per sq.ft.",West,2 BHK,2,Bike and Car
Electronic City,1 BHK Apartment  For Sale  In The Green Terraces In Maragondanahalli,720 sqft,"31,522/Month","₹7,639 per sq.ft.",Don't Know,1 BHK,1,Bike and Car
Electronic City,3 BHK Apartment  For Sale  In Snn Raj Greenbay In Electronic City,"1,395 sqft","55,595/Month","₹6,953 per sq.ft.",West,3 BHK,2,Bike and Car
Electronic City,2 BHK Apartment  For Sale  In Prestige Sunrise Park - Birchwood In Electronic City,"1,211 sqft","52,156/Month","₹7,514 per sq.ft.",East,2 BHK,2,Bike and Car
Electronic City,2 BHK Apartment  For Sale  In Shriram Summitt In Electronic City,"1,175 sqft","38,973/Month","₹5,787 per sq.ft.",East,2 BHK,2,Bike and Car
Electronic City,2 BHK Apartment  For Sale  In Shriram Summitt In Electronic City,"1,170 sqft","37,254/Month","₹5,556 per sq.ft.",East,2 BHK,2,Bike and Car
Electronic City,3 BHK Apartment  For Sale  In Gm Infinite E-city Town In Thirupalya,"1,500 sqft","41,266/Month","₹4,800 per sq.ft.",North,3 BHK,2,Bike and Car
Electronic City,3 BHK Apartment  For Sale  In Shanders Dwellington In Electronic City,"1,350 sqft","37,254/Month","₹4,815 per sq.ft.",West,3 BHK,3,Car
Electronic City,3 BHK Apartment  For Sale  In Pramuk Aqua Heights In Electronic City,"1,470 sqft","56,741/Month","₹6,735 per sq.ft.",South,3 BHK,3,Car
Electronic City,1 BHK Apartment  For Sale  In Ak Brindavan Apartment In Electronic City,540 sqft,"10,603/Month","₹3,426 per sq.ft.",North,1 BHK,1,Bike
Electronic City,2 BHK Apartment  For Sale  In Shriram Signiaa In Electronic City,"1,270 sqft","54,448/Month","₹7,480 per sq.ft.",North,2 BHK,2,Bike and Car
Electronic City,3 BHK Apartment  For Sale  In Genesis Ecosphere In Electronic City,"1,850 sqft","49,290/Month","₹4,649 per sq.ft.",Don't Know,3 BHK,2,Car
Electronic City,2 BHK Apartment  For Sale  In The Green Terraces In Maragondanahalli,990 sqft,"40,120/Month","₹7,071 per sq.ft.",East,2 BHK,2,Car
Electronic City,3 BHK Apartment  For Sale  In Aratt Firenza In Electronic City,"1,558 sqft","41,266/Month","₹4,621 per sq.ft.",North,3 BHK,3,Bike and Car
Electronic City,3 BHK Apartment  For Sale  In Concorde Manhattans Apartment In Concorde Manhattans Apartment,"1,585 sqft","60,180/Month","₹6,625 per sq.ft.",East,3 BHK,3,Bike and Car
Electronic City,3 BHK Apartment  For Sale  In Prime City In Electronic City Phase I,"1,360 sqft","29,803/Month","₹3,824 per sq.ft.",West,3 BHK,2,Bike and Car
Electronic City,2 BHK Apartment  For Sale  In Purnima Elite In Electronic City,995 sqft,"28,084/Month","₹4,925 per sq.ft.",East,2 BHK,2,Bike and Car
Electronic City,"2 BHK Flat  For Sale  In Smily Homes, Electronic City Phase I In Electronic City Phase I",965 sqft,"22,925/Month","₹4,145 per sq.ft.",West,2 BHK,2,Car
Electronic City,3 BHK Apartment  For Sale  In Alps Aurora In Bommasandra Industrial Area,"1,220 sqft","30,376/Month","₹4,344 per sq.ft.",East,3 BHK,2,Bike and Car
Electronic City,2 BHK Flat  For Sale  In Shriram Liberty Square In Electronic City,860 sqft,"33,242/Month","₹6,744 per sq.ft.",Don't Know,2 BHK,1,Bike and Car
Electronic City,3 BHK Flat  For Sale  In Shriram Liberty Square In Electronic City,"1,010 sqft","38,572/Month","₹6,663 per sq.ft.",Don't Know,3 BHK,2,Bike and Car
Electronic City,2 BHK Flat  For Sale  In Sobha Silicon Oasis In Basapura,"1,365 sqft","60,180/Month","₹7,692 per sq.ft.",North-East,2 BHK,2,Bike and Car
Electronic City,2 BHK Flat  For Sale  In Prestige Sunrise Park - Birchwood In Electronic City,"1,108 sqft","39,546/Month","₹6,227 per sq.ft.",East,2 BHK,2,Bike and Car
Electronic City,2 BHK Apartment  For Sale  In Pride Pristine In Electronic City,"1,325 sqft","37,254/Month","₹4,906 per sq.ft.",North,2 BHK,2,Bike and Car
Yalahanka,3 BHK Apartment  For Sale  In Shirke Apartment In Yelahanka Satellite Town,"1,100 sqft","34,388/Month","₹5,455 per sq.ft.",Don't Know,3 BHK,3,Bike and Car
Yalahanka,2 BHK Apartment  For Sale  In Prodaacon Rose Garden In Yelahanka,"1,100 sqft","28,657/Month","₹4,545 per sq.ft.",East,2 BHK,2,Bike and Car
Yalahanka,3 BHK Apartment  For Sale  In Khb High Rise In Yelahanka,"1,580 sqft","57,314/Month","₹6,329 per sq.ft.",West,3 BHK,2,Bike and Car
Yalahanka,1 BHK Flat  For Sale  In Khb Apartment In Yelahanka,550 sqft,"12,609/Month","₹4,000 per sq.ft.",North,1 BHK,1,Bike and Car
Yalahanka,3 BHK Apartment  For Sale  In Khb Apartment In Yelahanka,"1,275 sqft","42,985/Month","₹5,882 per sq.ft.",North,3 BHK,2,Bike and Car
Yalahanka,1 BHK Apartment  For Sale  In Khb Apartment In Yelahanka,600 sqft,"13,755/Month","₹4,000 per sq.ft.",North,1 BHK,2,Bike and Car
Yalahanka,3 BHK Apartment  For Sale  In Khb Apartment In Yelahanka,"1,080 sqft","28,657/Month","₹4,630 per sq.ft.",East,3 BHK,2,None
Yalahanka,1 BHK Apartment  For Sale  In Khb Apartment In Yelahanka,475 sqft,"11,119/Month","₹4,084 per sq.ft.",West,1 BHK,1,Bike
Yalahanka,1 BHK Apartment  For Sale  In Khb Apartment In Yelahanka,485 sqft,"11,749/Month","₹4,227 per sq.ft.",East,1 BHK,1,Bike and Car
Yalahanka,1 BHK Flat  For Sale  In Khb Apartment In Yelahanka,700 sqft,"10,889/Month","₹2,714 per sq.ft.",North-East,1 BHK,1,Bike and Car
Yalahanka,"1 BHK Flat  For Sale  In Khb Apartment, Yelahanka New Town, 5th Phase In Yelahanka New Town , 5th Phase",450 sqft,"10,316/Month","₹4,000 per sq.ft.",South,1 BHK,1,None
Yalahanka,3 BHK Flat  For Sale  In Shirdi Sai Sannidhi In Chikka Bommasandra,"1,250 sqft","39,546/Month","₹5,520 per sq.ft.",North-East,3 BHK,2,Bike and Car
Yalahanka,1 BHK Flat  For Sale  In Khb Apartment In Yelahanka,500 sqft,"11,462/Month","₹4,000 per sq.ft.",East,1 BHK,2,Bike and Car
Yalahanka,2 BHK Flat  For Sale  In Sri Nagambika Residency  In Yelahanka New Town,750 sqft,"25,791/Month","₹6,000 per sq.ft.",North-West,2 BHK,2,Bike
Yalahanka,2 BHK Flat  For Sale  In Windgates In Yelahanka,"1,500 sqft","42,985/Month","₹5,000 per sq.ft.",East,2 BHK,2,Bike and Car
Yalahanka,3 BHK Flat  For Sale  In Capstone Life Flowing Tree In Yelahanka New Town,"1,556 sqft","82,864/Month","₹9,292 per sq.ft.",Don't Know,3 BHK,3,Bike and Car
Yalahanka,2 BHK Flat  For Sale  In Capstone Life Flowing Tree In Yelahanka New Town,"1,349 sqft","72,658/Month","₹9,398 per sq.ft.",Don't Know,2 BHK,2,Bike and Car
Yalahanka,3 BHK Flat  For Sale  In Yelahanka New Tow,"1,350 sqft","54,448/Month","₹7,037 per sq.ft.",East,3 BHK,2,Car
Yalahanka,"3 BHK Flat  For Sale  In Vajram Tiara, Avalahalli In 560064","2,661 sqft",1 Lacs/Month,"₹6,576 per sq.ft.",East,3 BHK,3,Car
Yalahanka,2 BHK Flat  For Sale  In Kalpavruksha Apartments In Yelahanka New Town,"1,096 sqft","57,314/Month","₹9,124 per sq.ft.",North,2 BHK,2,Car
Yalahanka,1 BHK Flat  For Sale  In Maruti Residency In Yelhanka,468 sqft,"6,877/Month","₹2,564 per sq.ft.",South,1 BHK,1,Bike
Yalahanka,2 BHK Apartment  For Sale  In Gs Builtech Ajantha Vihar In Yelahanka New Town,"1,390 sqft","42,985/Month","₹5,396 per sq.ft.",East,2 BHK,2,Bike and Car
Yalahanka,2 BHK Apartment  For Sale  In Deccan Shelters In Yelahanka,"1,065 sqft","31,522/Month","₹5,164 per sq.ft.",North,2 BHK,2,Bike and Car
Yalahanka,4+ BHK Flat  For Sale  In Yelahanka New Town,"1,800 sqft","51,583/Month","₹5,000 per sq.ft.",East,4+ BHK,4,Bike
Yalahanka,2 BHK Flat  For Sale  In Sri Maruti Krupa In Yelahanka New Town,"1,150 sqft","54,448/Month","₹8,261 per sq.ft.",North-East,2 BHK,2,Bike and Car
Malleshwaram,4+ BHK Flat  For Sale  In Balaji Nilaya In Malleshwaram,"5,200 sqft",3.44 Lacs/Month,"₹11,538 per sq.ft.",Don't Know,4+ BHK,14,None
Malleshwaram,3 BHK Flat  For Sale  In Embassy Heritage In Malleshwara,"1,582 sqft",1.15 Lacs/Month,"₹12,642 per sq.ft.",South,3 BHK,3,Car
Malleshwaram,2 BHK Apartment  For Sale  In Sangeetha Apartments In Malleshwaram,937 sqft,"48,717/Month","₹9,072 per sq.ft.",West,2 BHK,2,Bike and Car
Malleshwaram,2 BHK Flat  For Sale  In Bindhu Ashirwad In Malleshwaram,882 sqft,"42,985/Month","₹8,503 per sq.ft.",North,2 BHK,2,Bike and Car
Malleshwaram,4 BHK Flat  For Sale  In Rakshita Apartments In Malleswaram ,"1,850 sqft","91,703/Month","₹8,649 per sq.ft.",South,4 BHK,4,Bike and Car
Malleshwaram,"3 BHK Flat  For Sale  In Mantri Greens, Malleshwaram In Malleshwaram","1,770 sqft",1.29 Lacs/Month,"₹12,712 per sq.ft.",East,3 BHK,4,Bike and Car
Malleshwaram,3 BHK Apartment  For Sale  In Mantri Greens In Malleshwaram,"1,800 sqft",1.32 Lacs/Month,"₹12,778 per sq.ft.",Don't Know,3 BHK,4,Bike and Car
Malleshwaram,3 BHK Apartment  For Sale  In Egpi Aikya In Malleshwaram West,"1,550 sqft",1.12 Lacs/Month,"₹12,581 per sq.ft.",East,3 BHK,3,Bike and Car
Malleshwaram,2 BHK Flat  For Sale  In Ramana Residency In Malleshwaram,900 sqft,"48,717/Month","₹9,444 per sq.ft.",East,2 BHK,1,Bike and Car
Malleshwaram,3 BHK Flat  For Sale  In Ramana Residency In Malleshwaram,"1,150 sqft","85,971/Month","₹13,043 per sq.ft.",West,3 BHK,2,Bike and Car
Malleshwaram,1 BHK Flat  For Sale  In Raj Apartments In Malleswaram,600 sqft,"22,925/Month","₹6,667 per sq.ft.",West,1 BHK,1,None
Malleshwaram,"2 BHK Flat  For Sale  In Ramana Residency, Malleshwaram In Ramana Residency-4th Cross",965 sqft,"63,045/Month","₹11,399 per sq.ft.",East,2 BHK,2,Car
Malleshwaram,2 BHK Flat  For Sale  In S.l.garden In Sampangiram Nagar,"1,250 sqft","68,777/Month","₹9,600 per sq.ft.",North,2 BHK,2,Bike and Car
Malleshwaram,3 BHK Flat  For Sale  In S L Gardens In Seshadripuram,"1,960 sqft","80,240/Month","₹7,143 per sq.ft.",East,3 BHK,3,Car
Malleshwaram,3 BHK Flat  For Sale  In S L Gardens In Seshadripuram,"1,960 sqft","91,703/Month","₹8,163 per sq.ft.",East,3 BHK,3,Bike and Car
Malleshwaram,2 BHK Flat  For Sale  In Soundarya Links In Soundarya Links,"1,185 sqft","54,448/Month","₹8,017 per sq.ft.",East,2 BHK,2,Bike and Car
Malleshwaram,2 BHK Flat  For Sale  In Vaishanavi Flats  In Malleshwaram,950 sqft,"54,448/Month","₹10,000 per sq.ft.",North,2 BHK,2,Bike and Car
Malleshwaram,3 BHK Flat  For Sale  In Sri Durga Enclave In Sheshadripuram,"1,400 sqft","85,971/Month","₹10,714 per sq.ft.",East,3 BHK,2,Bike and Car
Malleshwaram,2 BHK Flat  For Sale  In Bindu Aashirvanth Apartment In  Malleshwaram West,700 sqft,"42,985/Month","₹10,714 per sq.ft.",North-East,2 BHK,2,Bike and Car
Malleshwaram,2 BHK Flat  For Sale  In Shalimar View In Srirampura,650 sqft,"25,791/Month","₹6,923 per sq.ft.",South,2 BHK,2,Bike and Car
Malleshwaram,3 BHK Flat  For Sale  In Krishnageet Apartment In Seshadripuram,"1,200 sqft","66,484/Month","₹9,667 per sq.ft.",South-East,3 BHK,2,Bike and Car
Malleshwaram,2 BHK Flat  For Sale  In Nisarga In Malleshwaram West,750 sqft,"48,717/Month","₹11,333 per sq.ft.",South,2 BHK,2,Car
Malleshwaram,4 BHK Apartment  For Sale  In Soundarya Pride Apartment In Malleshwaram,"2,016 sqft","85,971/Month","₹7,440 per sq.ft.",East,4 BHK,4,Car
Malleshwaram,2 BHK Flat  For Sale  In Ap In Malleshwaram,900 sqft,"39,546/Month","₹7,667 per sq.ft.",East,2 BHK,1,Car
Malleshwaram,2 BHK Flat  For Sale  In Vaishnavi Apartments In Malleshwaram,850 sqft,"42,985/Month","₹8,824 per sq.ft.",South,2 BHK,2,Bike and Car
Jayanagar,3 BHK Apartment  For Sale  In Adarsh Court Apartment In Jayanagar,"1,990 sqft",2.01 Lacs/Month,"₹17,588 per sq.ft.",South,3 BHK,3,Bike and Car
Jayanagar,"3 BHK Flat  For Sale  In Shanti Park Apartments In Jayanagara 9th Block, Jayanagar","1,420 sqft","71,643/Month","₹8,803 per sq.ft.",North,3 BHK,2,None
Jayanagar,2 BHK Flat  For Sale  In Shree Enclave  In Jayanagar,"1,200 sqft","74,508/Month","₹10,833 per sq.ft.",North,2 BHK,2,Bike and Car
Jayanagar,"3 BHK Flat  For Sale  In Total Environment Life Is Beautiful, Jayanagar In Jayanagar","2,628 sqft",1.72 Lacs/Month,"₹11,416 per sq.ft.",South,3 BHK,3,Bike and Car
Jayanagar,3 BHK Flat  For Sale  In Mantri Gardens Apartment In Jayanagar,"1,485 sqft","85,971/Month","₹10,101 per sq.ft.",South-East,3 BHK,3,Bike and Car
Jayanagar,4 BHK Flat  For Sale  In Rrbc Piccassso In Jayanagar,"4,859 sqft",3.91 Lacs/Month,"₹14,056 per sq.ft.",Don't Know,4 BHK,4,Bike and Car
Jayanagar,3 BHK Flat  For Sale  In Rrbc Piccassso In Jayanagar,"2,037 sqft",1.69 Lacs/Month,"₹14,433 per sq.ft.",Don't Know,3 BHK,3,Bike and Car
Jayanagar,4+ BHK Flat  For Sale  In Jayanagar,"2,336 sqft","77,374/Month","₹5,779 per sq.ft.",East,4+ BHK,4,None
Jayanagar,3 BHK Flat  For Sale  In Apartment  In  Jayanagar East,"2,000 sqft",1.09 Lacs/Month,"₹9,500 per sq.ft.",East,3 BHK,3,Bike and Car
Jayanagar,3 BHK Flat  For Sale  In Jains Prakruti In Jayanagar,"1,774 sqft",1.32 Lacs/Month,"₹12,965 per sq.ft.",West,3 BHK,3,Car
Jayanagar,4 BHK Flat  For Sale  In B&b Opulent Spire In Jayanagar,"4,084 sqft",2.99 Lacs/Month,"₹12,782 per sq.ft.",Don't Know,4 BHK,4,Bike and Car
Jayanagar,2 BHK Flat  For Sale  In Jab Residency In Bhel Officers Layout,"1,100 sqft","53,302/Month","₹8,455 per sq.ft.",North-West,2 BHK,2,Bike and Car
Jayanagar,2 BHK Apartment  For Sale  In R K Gold Apartment In Jayanagar,"1,100 sqft","31,522/Month","₹5,000 per sq.ft.",East,2 BHK,3,Bike
Jayanagar,3 BHK Flat  For Sale  In Vesta Sri Krishna  In Jayanagar,"1,410 sqft","97,434/Month","₹12,057 per sq.ft.",North,3 BHK,3,Bike and Car
Jayanagar,3 BHK Apartment  For Sale  In Parasmani Regency In Jayanagar,"1,940 sqft",1.52 Lacs/Month,"₹13,660 per sq.ft.",West,3 BHK,3,Bike and Car
Jayanagar,2 BHK Flat  For Sale  In Rrbc Piccassso In Jayanagar,"1,731 sqft",1.44 Lacs/Month,"₹14,500 per sq.ft.",Don't Know,2 BHK,2,Bike and Car
Jayanagar,"4 BHK Flat  For Sale  In Sobha Opal Apartment, Jayanagar In Jayanagar","3,223 sqft",2.29 Lacs/Month,"₹12,411 per sq.ft.",East,4 BHK,4,Car
Jayanagar,4 BHK Flat  For Sale  In Shubham Dreamz In Jayanagar,"2,495 sqft",2.01 Lacs/Month,"₹14,028 per sq.ft.",East,4 BHK,4,Bike and Car
Jayanagar,2 BHK Flat  For Sale  In Classic Court Apartment In Jayanagar,850 sqft,"51,583/Month","₹10,588 per sq.ft.",North-East,2 BHK,2,Bike and Car
Jayanagar,3 BHK Apartment  For Sale  In Mayitri Enclave In Jayanagar,"1,200 sqft","42,985/Month","₹6,250 per sq.ft.",East,3 BHK,2,Bike and Car
Jayanagar,2 BHK Flat  For Sale  In Krishna Lake View Apts In Jayanagar,"1,060 sqft","45,851/Month","₹7,547 per sq.ft.",Don't Know,2 BHK,2,Bike and Car
Jayanagar,3 BHK Apartment  For Sale  In Gokul Lake View Aprtments In Jayanagar,"2,000 sqft","85,971/Month","₹7,500 per sq.ft.",East,3 BHK,3,Bike and Car
Jayanagar,3 BHK Flat  For Sale  In Pallavi Pristine Thangavelu Apartments In Jayanagar,"1,340 sqft","77,947/Month","₹10,149 per sq.ft.",East,3 BHK,2,Bike and Car
Jayanagar,"4+ BHK Flat  For Sale  In Linea Apoorva, 4th Block Jayanagar In 18th Main Road","5,100 sqft",4.3 Lacs/Month,"₹14,706 per sq.ft.",East,4+ BHK,5,Bike and Car
Jayanagar,3 BHK Flat  For Sale  In Palavi Prestinethangavelu In Jayanagar,"1,340 sqft","74,508/Month","₹9,701 per sq.ft.",East,3 BHK,2,Bike and Car
